P0001;Alias;Gangemi-Giulietti SPA;Gianna calabro
P0002;Delectus;Gargallo-Petrucci e figli;Ferragamo calabro
P0003;Nam;Calarco e figli;Grasso del friuli
P0004;Dolor;Palombi s.r.l.;Berenice ligure
P0005;Dolorum;Camicione, Briccialdi e Meucci Group;Modiano salentino
P0006;Quaerat;Maglio, Gentileschi e Cimini Group;San Raffaellino
P0007;Autem;Broggini-Torricelli Group;Piergiorgio nell'emilia
P0008;Deleniti;Manzoni, Mazzanti e Traetta s.r.l.;Santino calabro
P0009;Enim;Trezzini Group;Borgo Giorgio
P0010;Praesentium;Gargallo-Petrucci e figli;Ferragamo calabro
P0011;Reiciendis;Anguissola Group;Bettina terme
P0012;Voluptatem;Alboni-Ungaretti s.r.l.;San Oreste terme
P0013;Error;Casale-Zeffirelli Group;Settimo Fortunata
P0014;Ex;Tozzo s.r.l.;Stoppani salentino
P0015;Delectus;Trezzini Group;Borgo Giorgio
P0016;Eveniet;Agazzi-Luzi SPA;San Michela
P0017;Molestiae;Bellocchio-Pometta s.r.l.;Rossellini lido
P0018;Libero;Palombi s.r.l.;Berenice ligure
P0019;Sequi;Anguissola Group;Bettina terme
P0020;Rerum;Pedroni SPA;San Susanna
P0021;Delectus;Manzoni, Mazzanti e Traetta s.r.l.;Santino calabro
P0022;Suscipit;Ruggeri Group;Renier nell'emilia
P0023;Praesentium;Tozzo s.r.l.;Stoppani salentino
P0024;Corrupti;Ruggeri Group;Renier nell'emilia
P0025;Sint;Calarco e figli;Grasso del friuli
P0026;Alias;Rocca, Comolli e Sagese e figli;Domenico del friuli
P0027;Qui;Bova e figli;Borgo Piergiuseppe del friuli
P0028;Saepe;Alboni-Ungaretti s.r.l.;San Oreste terme
P0029;Magnam;Broggini-Torricelli Group;Piergiorgio nell'emilia
P0030;Porro;Anguissola Group;Bettina terme
P0031;Odit;Giulietti, Bazzi e Marrone SPA;Quarto Simone sardo
P0032;Ipsa;Volta Group;Sesto Melania
P0033;Accusantium;Alboni-Ungaretti s.r.l.;San Oreste terme
P0034;Est;Bova e figli;Borgo Piergiuseppe del friuli
P0035;Quos;Palombi s.r.l.;Berenice ligure
P0036;Ullam;Ruggeri Group;Renier nell'emilia
P0037;Dolorem;Tozzo s.r.l.;Stoppani salentino
P0038;Ut;Rocca, Comolli e Sagese e figli;Domenico del friuli
P0039;Possimus;Tosi-Scamarcio Group;Gianni a mare
P0040;Perspiciatis;Montalcini-Pastine e figli;Pierpaolo terme
P0041;Quisquam;Palombi s.r.l.;Berenice ligure
P0042;Ipsam;Gangemi-Giulietti SPA;Gianna calabro
P0043;Voluptatibus;Ceri Group;Lucio veneto
P0044;Beatae;Silvestri, Gadda e Morellato Group;San Arnaldo ligure
P0045;Facilis;Trezzini Group;Borgo Giorgio
P0046;Deserunt;Giulietti, Bazzi e Marrone SPA;Quarto Simone sardo
P0047;Sed;Rocca, Comolli e Sagese e figli;Domenico del friuli
P0048;Natus;Agazzi-Luzi SPA;San Michela
P0049;Voluptatibus;Camicione, Briccialdi e Meucci Group;Modiano salentino
P0050;Eaque;Silvestri, Gadda e Morellato Group;San Arnaldo ligure
P0051;Ipsum;Bova e figli;Borgo Piergiuseppe del friuli
P0052;Illum;Borsiere-Renault s.r.l.;Borgo Gionata nell'emilia
P0053;Molestiae;Anguissola Group;Bettina terme
P0054;Assumenda;Pedroni SPA;San Susanna
P0055;Eos;Giulietti, Bazzi e Marrone SPA;Quarto Simone sardo
P0056;Amet;Trezzini Group;Borgo Giorgio
P0057;Ipsam;Trentini SPA;Sesto Biagio
P0058;Expedita;Gangemi-Giulietti SPA;Gianna calabro
P0059;Laboriosam;Manzoni, Mazzanti e Traetta s.r.l.;Santino calabro
P0060;Nulla;Broggini-Torricelli Group;Piergiorgio nell'emilia
P0061;Velit;Maglio, Gentileschi e Cimini Group;San Raffaellino
P0062;Unde;Alboni-Ungaretti s.r.l.;San Oreste terme
P0063;Unde;Anguissola Group;Bettina terme
P0064;Et;Giulietti, Bazzi e Marrone SPA;Quarto Simone sardo
P0065;Facilis;Anguissola Group;Bettina terme
P0066;Laborum;Carriera SPA;Tatiana terme
P0067;Velit;Montalcini-Pastine e figli;Pierpaolo terme
P0068;Dolorem;Tosi-Scamarcio Group;Gianni a mare
P0069;Inventore;Casale-Zeffirelli Group;Settimo Fortunata
P0070;Ad;Gargallo-Petrucci e figli;Ferragamo calabro
P0071;Magnam;Volta Group;Sesto Melania
P0072;Rem;Casale-Zeffirelli Group;Settimo Fortunata
P0073;Quis;Alboni-Ungaretti s.r.l.;San Oreste terme
P0074;Aspernatur;Ceri Group;Lucio veneto
P0075;Suscipit;Borsiere-Renault s.r.l.;Borgo Gionata nell'emilia
P0076;Distinctio;Carriera SPA;Tatiana terme
P0077;Libero;Bova e figli;Borgo Piergiuseppe del friuli
P0078;Adipisci;Trezzini Group;Borgo Giorgio
P0079;Porro;Casale-Zeffirelli Group;Settimo Fortunata
P0080;Sunt;Gangemi-Giulietti SPA;Gianna calabro
P0081;Assumenda;Silvestri, Gadda e Morellato Group;San Arnaldo ligure
P0082;Alias;Ortese SPA;Borgo Cristina
P0083;Excepturi;Tosi-Scamarcio Group;Gianni a mare
P0084;Aperiam;Silvestri, Gadda e Morellato Group;San Arnaldo ligure
P0085;Accusantium;Volta Group;Sesto Melania
P0086;Et;Gangemi-Giulietti SPA;Gianna calabro
P0087;Ullam;Montalcini-Pastine e figli;Pierpaolo terme
P0088;Itaque;Pedroni SPA;San Susanna
P0089;Atque;Anguissola Group;Bettina terme
P0090;Assumenda;Bellocchio-Pometta s.r.l.;Rossellini lido
P0091;Laborum;Ortese SPA;Borgo Cristina
P0092;Ut;Ortese SPA;Borgo Cristina
P0093;Nisi;Alboni-Ungaretti s.r.l.;San Oreste terme
P0094;Deleniti;Ruggeri Group;Renier nell'emilia
P0095;Esse;Alboni-Ungaretti s.r.l.;San Oreste terme
P0096;Occaecati;Giulietti, Bazzi e Marrone SPA;Quarto Simone sardo
P0097;Nostrum;Trentini SPA;Sesto Biagio
P0098;Dicta;Montalcini-Pastine e figli;Pierpaolo terme
P0099;Magnam;Montalcini-Pastine e figli;Pierpaolo terme
P0100;Ipsa;Silvestri, Gadda e Morellato Group;San Arnaldo ligure